Code,Title,Brand,Model,Price,Category
888943,"""Geladeira/Refrigerador Consul Frost Free Duplex""","""consul""","""437L Bem Estar CRM55ABANA Branco""",2299.9,ed
130751,"""Geladeira/Refrigerador Consul Frost Free Duplex""","""consul""","""386L CRM43NBANA Branco""",1949.9,ed
2029573,"""Geladeira/Refrigerador Consul Cycle Defrost""","""consul""","""Duplex 334L CRD37EBANA Branco""",1489.9,ed
130001,"""Geladeira/Refrigerador Consul Frost Free Evox""","""consul""","""Duplex 386L CRM43NKANA""",2169.9,ed
100593,"""Geladeira/Refrigerador Electrolux Frost Free Inox""","""electrolux""","""Duplex 380L Painel Touch DW42X11089""",2399.9,ed
130119,"""Geladeira/Refrigerador Consul Frost Free Duplex""","""consul""","""441L Bem Estar CRM54BBANA Branco""",2219.9,ed
100382,"""Geladeira Consul Frost Free 300L""","""consul""","""Facilite CRB36ABANA Branco""",1449,ed
130821,"""Geladeira/Refrigerador Brastemp Frost Free Inverse""","""brastemp""","""443L BRE57AKANA Evox""",3449.9,ed
2180394,"""Geladeira/Refrigerador Electrolux Frost Free ""","""electrolux""","""Duplex 463L Painel Blue Touch TF52 Branco""",2399.9,ed
130999,"""Geladeira/Refrigerador Electrolux Frost Free Inox""","""electrolux""","""Duplex 382L DF42X""",2279.9,ed
100598,"""Geladeira/Refrigerador Electrolux Frost Free""","""electrolux""","""Duplex 382L DF42 Branco""",2059.9,ed
130701,"""Geladeira/Refrigerador Electrolux 240L RE31""","""electrolux""","""Branco""",1169.9,ed
130817,"""Geladeira/Refrigerador Brastemp Frost Free Inverse""","""brastemp""","""443L Painel Touch BRE57ABANA Branco""",2999.9,ed
130403,"""Geladeira/Refrigerador Panasonic Frost Free ""","""panasonic""","""Duplex 387L re generation NR-BT40BD1W Branco""",1899.9,ed
130815,"""Geladeira/Refrigerador Brastemp Frost Free  ""","""brastemp""","""Duplex 400L BRM54HBANA Branco""",2499.9,ed
130807,"""Geladeira/Refrigerador Electrolux Frost Free  ""","""electrolux""","""Duplex 371L DFN41 Branca""",1979.9,ed
130829,"""Geladeira/Refrigerador Brastemp Frost Free Inox""","""brastemp""","""Duplex 462L Painel Touch BRM56AKANA""",3369.9,ed
130205,"""Frigobar Consul 76L Branco""","""consul""","""CRC08""",859.9,ed
130811,"""Geladeira/Refrigerador Consul Frost Free Duplex ""","""consul""","""441L CRM54BK Evox""",2399.9,ed
2180396,"""Geladeira/Refrigerador Electrolux Frost Free Inox""","""electrolux""","""Duplex 463L Painel Blue Touch TF52X""",2949.9,ed
130813,"""Geladeira/Refrigerador Electrolux Frost Free Inox ""","""electrolux""","""French Door 579L Multidoor DM84X""",5099.9,ed
842467,"""Geladeira Brastemp Frost Free Evox""","""brastemp""","""Inverse 540,6L Ative! BRO80AK""",5149.9,ed
130823,"""Geladeira/Refrigerador Brastemp Frost Free Duplex ""","""brastemp""","""462L BRM56ABANA Branca""",2999.9,ed
130844,"""Geladeira/Refrigerador Panasonic Frost free  ""","""panasonic""","""Inverser 425L BB53""",3279.9,ed
9164765,"""Frigobar Brastemp 76L Azul""","""brastemp""","""Retrô""",1359.9,ed
130203,"""Geladeira/Refrigerador Consul Frost Free Evox""","""consul""","""Duplex 437L Bem-Estar CRM55AKANA""",2649.9,ed
842324,"""Geladeira/Refrigerador Consul Frost Free Duplex""","""consul""","""405L Bem Estar Painel Touch CRM52ABANA Branco""",2269.9,ed
2181792,"""Geladeira/Refrigerador Brastemp Frost Free Duplex ""","""brastemp""","""478L BRM59AB Branco""",3199.9,ed
100684,"""Geladeira/Refrigerador Brastemp Frost Free 573L""","""brastemp""","""Ative! Inverse Maxi BRE80ABANA Branco""",3599.9,ed
130819,"""Geladeira/Refrigerador Brastemp Frost Free Evox""","""brastemp""","""Duplex 400L BRM54HKANA""",2849.9,ed
130805,"""Geladeira/Refrigerador Electrolux Frost Free Inox ""","""electrolux""","""Bottom Freezer 454L Painel Blue Touch DB53X""",3349.9,ed
130155,"""Geladeira/Refrigerador Electrolux Frost Free""","""electrolux""","""Duplex 433L TF51 Branco""",2399.9,ed
2104582,"""Geladeira/Refrigerador Consul Cycle Defrost Duplex""","""consul""","""450L CRD49ABANA Branco""",2149.9,ed
888278,"""Frigobar Brastemp 76L Preto""","""brastemp""","""Retrô BRA08AE""",1159.9,ed
100591,"""Geladeira/Refrigerador Electrolux Cycle Defrost""","""electrolux""","""Duplex 462L DC49A11006 Branco""",2159.9,ed
888797,"""Geladeira/Refrigerador Consul Frost Free Evox""","""consul""","""Duplex 405L CRM51AKANA""",2459.9,ed
9165828,"""Frigobar Brastemp 76L Preto ""","""brastemp""","""com Porta de Vidro BZA08""",1549.9,ed
2190581,"""Geladeira/Refrigerador Electrolux Frost Free Inox ""","""electrolux""","""Duplex 427L Painel Touch DF53X""",2949.9,ed
2162986,"""Geladeira/Refrigerador Electrolux Cycle Defrost""","""electrolux""","""Duplex 475L Inox Multi Flow System DC51X""",2669.9,ed
130835,"""Geladeira/Refrigerador Electrolux Frost Free Inox""","""electrolux""","""Duplex 459L Painel Blue Touch DF54X""",3069.9,ed
2180380,"""Geladeira/Refrigerador Samsung Frost Free ""","""samsung""","""French Door Inox 441L RF62HERS1/AZ""",4899.9,ed
2190258,"""Frigobar Midea 124L Branco""","""midea""","""MRC12B1""",789.9,ed
9233822,"""Frigobar Brastemp 76L Vermelho""","""brastemp""","""Retrô BRA08A""",1169.9,ed
130207,"""Frigobar Consul 117L Branco""","""consul""","""CRC12""",869.9,ed
2190254,"""Frigobar Midea 45L Branco ""","""midea""","""MRC06B1""",679.9,ed
130003,"""Geladeira/Refrigerador Electrolux Frost Free Inox""","""electrolux""","""Duplex 433L Painel Blue Touch TF51X""",2799.9,ed
130213,"""Geladeira Brastemp Frost Free Evox""","""brastemp""","""Inverse 573L Ative! Maxi BRE80AKANA""",4319.9,ed
130833,"""Geladeira/Refrigerador Electrolux Frost Free ""","""electrolux""","""Duplex 459L Painel Blue Touch DF54 Branco""",2799.9,ed
2189723,"""Geladeira/Refrigerador Electrolux Inox Frost Free ""","""electrolux""","""Duplex 553L Painel Blue Touch DF82X""",3799.9,ed
2181796,"""Geladeira/Refrigerador Brastemp Frost Free Inverse""","""brastemp""","""478L BRE58AK Evox""",3799.9,ed
2190579,"""Geladeira/Refrigerador Electrolux Frost Free""","""electrolux""","""Duplex 427L Painel Touch DF53 Branco""",2699.9,ed
100613,"""Geladeira/Refrigerador Consul 239L ""","""consul""","""CRD49AKBNA Platinum""",1299,ed
2188354,"""Geladeira/Refrigerador Samsung Frost Free Inox""","""samsung""","""French Door 606L RF28HMEDBSR/AZ""",10599.9,ed
9171532,"""Frigobar Brastemp 76L Branco""","""brastemp""","""Retrô""",1499.9,ed
9100292,"""Geladeira/Refrigerador Brastemp Frost Free Inverse""","""brastemp""","""540,6L Ative! BRO80AEANA Preto""",5799,ed
2181794,"""Geladeira/Refrigerador Brastemp Frost Free Inverse""","""brastemp""","""478L BRE58AB Branco""",3399.9,ed
130837,"""Geladeira/Refrigerador Electrolux Frost Free""","""electrolux""","""Duplex 553L Infinity Frost Painel Touch DF82""",3589.9,ed
2181798,"""Geladeira/Refrigerador Brastemp Frost Free Inverse""","""brastemp""","""460L BRE59AB Branco""",3699.9,ed
2190575,"""Geladeira/Refrigerador Electrolux Frost Free Inox""","""electrolux""","""598L DB84X""",4299.9,ed
2190577,"""Geladeira/Refrigerador Electrolux Frost Free Inox""","""electrolux""","""Duplex 456L  DW54X""",3249.9,ed
842326,"""Geladeira/Refrigerador Consul Frost Free Evox""","""consul""","""Duplex 405L Bem Estar Painel Touch CRM52AKANA""",2499.9,ed
2134456,"""Geladeira/Refrigerador Samsung Inox Side by Side""","""samsung""","""765L Dispenser de Água Food ShowCase H77H90507H/AZ""",12999.9,ed
2181787,"""Geladeira/Refrigerador Brastemp Frost Free Duplex ""","""brastemp""","""500L BRM58AB Branco""",2999.9,ed
130825,"""Geladeira/Refrigerador Brastemp Frost Free Evox""","""brastemp""","""Duplex Inverse 460L Painel Touch BRE59AK""",4599.9,ed
130856,"""Geladeira/Refrigerador Brastemp Frost Free Duplex""","""brastemp""","""Branca 374L BRM44HBANA""",2299,ed
130831,"""Geladeira/Refrigerador Brastemp Frost Free Duplex""","""brastemp""","""478L Painel Touch BRM59AKANA Evox""",4239.9,ed
2188355,"""Geladeira/Refrigerador Samsung Frost free ""","""samsung""","""575L Food ShowCase Dispenser de Água RH58K""",9999.9,ed
2181789,"""Geladeira/Refrigerador Brastemp Frost Free Duplex ""","""brastemp""","""500L BRM58AK Evox""",3699.9,ed
2128758,"""Geladeira/Refrigerador Panasonic Frost Free Duplex""","""panasonic""","""435L re Generation NR-BT49PV2XA Aço escovado""",2899.9,ed
842679,"""Geladeira/Refrigerador Brastemp Frost Free Evox""","""brastemp""","""Inverse 540L Ative! Painel Touch BRN80AKANA""",6999.9,ed
2190573,"""Geladeira/Refrigerador Electrolux Frost Free""","""electrolux""","""598L DB84 Branco""",3999.9,ed
130803,"""Geladeira/Refrigerador Electrolux Frost Free  ""","""electrolux""","""Bottom Freezer 454L Painel Blue Touch DB53 Branca""",3099.9,ed
2180376,"""Geladeira/Refrigerador Samsung Frost Free Inox""","""samsung""","""French Door 536L Dispenser de Água RF23HCEDBSR/AZ""",10499.9,ed
130857,"""Geladeira/Refrigerador Brastemp Frost Free Duplex""","""brastemp""","""374L BRM44HKANA""",2559,ed
8484493,"""Geladeira/Refrigerador Brastemp Frost Free""","""brastemp""","""Side by Side 560L BRS62CBANA Branco""",7349.9,ed
2190071,"""Geladeira/Refrigerador LG Frost Free Side by Side""","""lg""","""601L Painel Touch New Lancaster GS65SDN""",9999.9,ed
130842,"""Geladeira/Refrigerador Panasonic Frost free  ""","""panasonic""","""Inverse 425L BB53""",2999.9,ed
842465,"""Geladeira/Refrigerador Brastemp Frost Free Inverse""","""brastemp""","""540,6L Ative! BRO80AB Branco""",4699.9,ed
2191266,"""Geladeira/Refrigerador Panasonic Frost Free 592L""","""panasonic""","""Dispenser de Água NR-CB74PV1XA Aço Escovado""",10199.9,ed
2001980,"""Frigobar Brastemp 120L Preta e Branca""","""brastemp""","""com Porta de Vidro BZA12AF""",1899,ed
9204627,"""Geladeira/Refrigerador Brastemp Frost Free Evox""","""brastemp""","""Inverse 565L Maxi BRV80AKANA""",5299.9,ed
8404684,"""Geladeira/Refrigerador Brastemp Inox Side by Side""","""brastemp""","""539L c/ Dispenser de Água Gourmand BRS75""",12899.9,ed
100386,"""Geladeira/Refrigerador Consul Frost Free 1 Porta""","""consul""","""300L c/ Dispenser Facilite CRG36""",1539.9,ed
8426449,"""Geladeira/Refrigerador Brastemp Frost Free Inox""","""brastemp""","""Side by Side 560L Dispenser de Água BRS62CR""",10999,ed
6183550,"""Refrigerador Electrolux 462 Litros Duplex Cycle Defrost DC49A""","""ELECTROLUX""","""""",2359.9,ed
6734900,"""Refrigerador Brastemp Duplex Frost Free Evox 127V 500L BRM58AK""","""Brastemp""","""""",3677.9,ed
6252272,"""Refrigerador Gorenje Ora-Ïto White 2 Portas 329 Litros Branco 220V NRKORA62W""","""Gorenje""","""""",None,ed
6491882,"""Auto Serviço Bebidas Gallant Premium 2000mm Vidro Duplo Simples 3P Mármore/Inox Ar Forçado 220v Mono""","""Gallant""","""""",8700.99,ed
6335512,"""Auto Serviço Frios e Laticínios Gallant Plus 1200mm VD Simples 2Portas PPB/Inox Ar Forçado 220v Mono""","""Gallant""","""""",5750.98,ed
6099273,"""Auto Serviço Congelados Gallant Premium 2000mm Vidro Duplo 3P Mármore/Inox Ar Forçado 220V Mono""","""Gallant""","""""",18539.75,ed
6026693,"""Auto Serviço Frios e Laticínios Gallant Premium 2000mm VD Simples 3P Marm/inox Ar Forc 220v Mono""","""Gallant""","""""",7518.72,ed
6466941,"""Geladeira Açougue Congelados com Gancheira em Inox 600 kg 2 Portas 220V Mono  Gallant""","""Gallant""","""""",11077.83,ed
6621503,"""Geladeira Comercial Resfriado de Inox 6 Portas 1.290 Litros 220V Mono - Gallant""","""Gallant""","""""",11451.34,ed
6875907,"""Geladeira Comercial Resfriado de Inox 6 Portas 1.290 Litros 220V Mono - Gallant""","""Gallant""","""""",6479,ed
6154501,"""Geladeira Comercial para Congelados Gallant Inox 4 Portas 220v Mono GRE09C04A-IX220""","""Gallant""","""""",8461.83,ed
6338757,"""Geladeira Açougue Congelado com Gancheira em Inox 800 kg 2 Portas 220V Mono  Gallant""","""Gallant""","""""",12011.88,ed
6977271,"""Auto Serviço para Frios e Laticínios Gallant Plus 3000mm VD Simples 5P PPB/Inox Ar Forçado 220v Mono""","""Gallant""","""""",11053.77,ed
6678941,"""Geladeira para Carnes e Congelados 1200kg Gallant Inox 1 Porta 220v Mono GRE41C01A-IX220""","""Gallant""","""""",16720.39,ed
6901158,"""Geladeira Comercial para Resfriados Gallant Inox 4 Portas 220v Mono GRE09R04A-IX220""","""Gallant""","""""",4815.45,ed
6027348,"""Auto Serviço para Bebidas Gallant Plus 2000mm Vidro Duplo Simples 3P PPB/Inox Ar Forçado 220v Mono""","""Gallant""","""""",8327.3,ed
6058311,"""Mini Geladeira Portátil 24 Litros BDC24L-LA Black Decker""","""BLACK DECKER""","""""",679,ed
6821411,"""GeladeiraRefrigerador Brastemp 462 Litros Frost Free BRM56AB""","""BRASTEMP""","""""",3599,ed
5794938,"""Ice cooler 18l mor""","""Mor""","""""",94.99,ed
5365135,"""Ice cooler pedestal 32l mor""","""Mor""","""""",218.99,ed
5235344,"""Ice cooler 24l cinza mor""","""Mor""","""""",58.9,ed
5317437,"""Ice cooler 48l mor""","""Mor""","""""",168.99,ed
5144640,"""Ice cooler 36l mor""","""Mor""","""""",124.99,ed
5381761,"""Geladeira para viagem 33 litros 12v black  decker""","""Black  Decker""","""""",972.99,ed
5944007,"""Mini geladeira de viagem 24l 12v/ auto - volt black  decker""","""Black  Decker""","""""",605.99,ed
5480391,"""Mini geladeira para viagem 6 litros 12v black  decker""","""Black  Decker""","""""",390,ed
5766659,"""Mini Geladeira Retrô  4 litros TV007 12v temperaturas 6ºC à 85ºC - Multilaser""","""Multilaser""","""""",594.99,ed
6874673,"""Geladeira Açougue com Gancheira em Inox 800 kg 2 Portas 220V Mono  Gallant""","""Gallant""","""""",7477.13,ed
5239264,"""Mini Geladeira Cooler Veicular 2 em 1 Esfria e Aquece Portatil Carro Camping 7,5L (888407 / mc40343)""","""Port Able Electronic""","""Port able electronic""",188.9,ed
6953642,"""GeladeiraRefrigerador Brastemp 460 Litros Frost Free""","""BRASTEMP""","""""",5399,ed
6921007,"""Refrigerador Consul 405 Litros Fost Free 2 Portas Painel Touchscreen CRM51""","""CONSUL""","""""",None,ed
8548687,"""Geladeira LG French Door 03 Portas Studio 552 Litros 110V LSFXC2476S""","""LG""","""""",32999,ed
6152621,"""Geladeira Refrigerador Electrolux 310 Litros Frost Free Duplex com Painel Blue Touch DFN39""","""ELECTROLUX""","""""",1999.9,ed
6022585,"""Refrigerador Electrolux com 1 Porta 240 Litros Degelo Prático RE31""","""ELECTROLUX""","""""",1199.9,ed
5326486,"""GeladeiraRefrigerador 425L Panasonic Porta de vidro e Painel Easy Touch BB53""","""PANASONIC L.BRANCA""","""Panasonic l.branca""",4999,ed
6966316,"""Geladeira Portátil 31 Litros Digital - Quadrivolt  Resfriar""","""Resfriar""","""""",2700,ed
6105528,"""Geladeira Inox Açougue com Gancheira 600 kg 2 Portas 220V Mono  Gallant""","""Gallant""","""""",6832.51,ed
6358035,"""Geladeira/Refrigerador Panasonic Frost Free 2 Portas NR BT40BD1W 387 Litros Branco""","""Panasonic""","""""",2344.17,ed
6629012,"""Geladeira/Refrigerador Electrolux Cycle Defrost 2 Portas DC49A 462 Litros Branca 220V""","""Electrolux""","""""",1999,ed
5857311,"""Refrigerador Brastemp Gourmand Side By Side 539 Litros 110V BRS75BRANA""","""Brastemp""","""""",14999,ed
6054008,"""Expositor/Refrigerador Vitrine Porta de Vidro VV300L 300 Litros Branco - Venax""","""Venax""","""""",2399,ed
8516118,"""Frigobar Brastemp Retrô 76 Litros Amarelo 110V BRA08BYANA""","""Brastemp""","""""",1399,ed
5454116,"""Ref 2P Top 440L 5-Em-1 Inox Lk""","""Samsung""","""Samsung""",3699,ed
5499416,"""Ref 2P Top 528L 5-Em-1 Inox Lk""","""Samsung""","""Samsung""",4199,ed
5372357,"""Ref Fdr 4P 606L Twin Cool Inox""","""Samsung""","""Samsung""",12999,ed
5902857,"""Refrigerador Brastemp Evox 486l 220v 2 Portas""","""Brastemp""","""""",3669,ed
8002140,"""Frigobar Brastemp Retrô 76 Litros Vermelho 110V BRA08AVANA""","""Brastemp""","""""",1299,ed
8510290,"""Frigobar Brastemp 76 Litros Porta de Vidro Preto 110V BZA08AEANA""","""Brastemp""","""""",1899,ed
9108575,"""Frigobar Suggar 46 Litros Inox 110V FB4612IX""","""Suggar""","""""",1599,ed
6105374,"""Frigobar Suggar 46 Litros Inox 110V FB4611IX""","""Suggar""","""""",1599,ed
5972149,"""Refrigerador Electrolux Multidoor DM84X 579L Inox 110v 02603FBA189""","""Electrolux""","""""",6399,ed
5521834,"""Cervejeira Metalfrio Beer Maxx 250 Vertical Porta Com Visor 262 Litros Preto/Inox 110V VN25TEB008""","""Metalfrio""","""""",4299,ed
5226058,"""Refrigerador Samsung French Door 564 Litros Inox 110V RF56K9040SR/AZ""","""Samsung""","""""",15999,ed
5019710,"""Refrigerador Samsung French Door 564 Litros Inox 110V RF56K9040SR/AZ""","""Samsung""","""""",15999,ed
6305363,"""Geladeira/Refrigerador 2 Portas Frost Free NR-BB53PV3XA 425 Litros Aço Escovado - Panasonic""","""Panasonic""","""""",3399,ed
5382743,"""Geladeira Refrigerador Esmaltec 340 Litros Porta de Vidro para Bebidas - VV400M""","""Esmaltec""","""""",3676.1,ed
8573502,"""Frigobar Brastemp Retrô 76 Litros Ice White 110V BRA08BBANA""","""Brastemp""","""""",1599,ed
8567457,"""Frigobar Brastemp 120 Litros Porta Vidro Cinza 110V BZA12AFANA""","""Brastemp""","""""",2299,ed
5105026,"""Refrigerador Electrolux Side by Side SS72X 504 Litros Frost Free Inox 02512LBA199 -127V""","""Electrolux""","""""",7899,ed
5309597,"""Refrigerador Panasonic Inverter Duplex Frost Free 425 Litros Inox 110V NR-BB53PV3XA""","""Panasonic""","""""",3699,ed
6439608,"""Refrigerador Consul Domest 2 Portas 405 Litros Branco Frost Free 220v""","""Consul""","""""",2199,ed
5971014,"""Mini Geladeira De Viagem 33 L Black E Decker  Bdc33l  12V  e Bivolt""","""BLACK DECKER""","""Black decker""",958.6,ed
5294116,"""Refrigerador 2 Portas 437L Frost Free Consul CRM55 Branco""","""Consul""","""""",2899.9,ed
8341896,"""Geladeira Consul Degelo Seco 261 litros Branca com Gavetão Hortifruti""","""Consul""","""""",1198,ed
2205240,"""Geladeira/Refrigerador LG Degelo Automático Inox""","""lg""","""Side by Side 601L New Lancaster GC-X247CSAV.ANSFSB""",14999.9,ed
5028741,"""Refrigerador 2 Portas 375l Frost Free Brastemp BRM44HK""","""Brastemp""","""""",2799.9,ed
5944335,"""Geladeira/Refrigerador Consul 1 Porta Degelo Seco CRA30F 261 Litros Branco""","""Consul""","""""",1149,ed
6681429,"""Geladeira/Refrigerador Consul 1 Porta Degelo Seco CRA30F 261 Litros Branco 220V""","""Consul""","""""",1149,ed
6567341,"""Geladeira/Refrigerador Electrolux 1 Porta RE31 240 Litros Branco""","""Electrolux""","""""",1059,ed
6859487,"""Geladeira Refrigerador Consul 261L 1 Porta Degelo Seco Classe A - CRA30FB""","""CONSUL""","""""",1149.9,ed
6302486,"""GeladeiraRefrigerador Electrolux 322 Litros Frost Free RFE39""","""ELECTROLUX""","""""",1349.9,ed
7535225,"""Mini Geladeira 04L BC 220V 12V TV010 Multilaser""","""Multilaser""","""""",241.9,ed
6687044,"""GeladeiraRefrigerador Electrolux 427 Litros Frost Free DF53""","""ELECTROLUX""","""""",2499.9,ed
7355530,"""Refrigerador Degelo Autolimpante  262L Cycle Defrost Branco (RDE33)""","""Electrolux""","""Electrolux""",1299,ed
7652537,"""Refrigerador 240 Litros 1 Porta Classe A Electrolux - Re31""","""ELECTROLUX""","""""",1029.9,ed
8378724,"""Geladeira Consul Frost Free 342 litros cor Inox com Gavetão Hortifruti""","""Consul""","""""",1699,ed
8537470,"""Frigobar Brastemp Retrô 76 Litros Marsala Wine 110V BRA08BGANA""","""Brastemp""","""""",1599,ed
6302219,"""Geladeira/Refrigerador Panasonic 2 Portas Frost Free NR-BB53GV3B 425 Litros Preto""","""Panasonic""","""""",4099,ed
6385429,"""GeladeiraRefrigerador Electrolux 427 Litros Frost Free DF53X""","""ELECTROLUX""","""""",3099.9,ed
6495870,"""Refrigerador Electrolux Cycle Defrost 260 Litros 2 Portas Design Moderno DC35A""","""ELECTROLUX""","""""",1299.9,ed
7475300,"""Refrigerador 323 Litros Electrolux 1 Porta Frost Free RFE39""","""ELECTROLUX""","""""",1302.9,ed
6580356,"""Refrigerador Electrolux 2 Portas 370 Litros Frost Free DFX41""","""ELECTROLUX""","""""",1959.9,ed
5895130,"""Refrigerador Frost Free 370L DFX42 Inox Electrolux""","""Electrolux""","""""",2799.9,ed
7030147,"""Refrigerador Degelo Prático  240L Cycle Defrost Branco (RE31)""","""Electrolux""","""Electrolux""",1299,ed
2202779,"""Frigobar Brastemp 117L Cinza Escuro""","""brastemp""","""BRC12XK""",1549.9,ed
6704975,"""Refrigerador Electrolux Cycle Defrost 262L 220V""","""Electrolux""","""""",1209.9,ed
6038674,"""Refrigerador Electrolux Cycle Defrost 262L 220V""","""Electrolux""","""""",1209.99,ed
6496682,"""Refrigerador Consul 405 Litros 2 Portas Frost Free Painel Touchscreen CRM51""","""CONSUL""","""""",2399.9,ed
6224944,"""Refrigerador 2 Portas 400L Frost Free Brastemp BRM54HK""","""Brastemp""","""""",3199.9,ed
6749225,"""Geladeira Refrigerador Electrolux Frost Free Duplex 371L DFN41""","""ELECTROLUX""","""""",1979.9,ed
6364837,"""Refrigerador Consul 386 Litros 2 Portas Frost Free Classe A CRM43NB""","""CONSUL""","""""",2099.9,ed
6087632,"""Refrigerador 2 Portas 454L Frost Free DB53 Electrolux""","""Electrolux""","""""",3499.9,ed
6399701,"""Geladeira/Refrigerador Electrolux 2 Portas Cycle Defrost DC35A 260 Litros Branco""","""Electrolux""","""""",1269,ed
2190571,"""Geladeira/Refrigerador Electrolux Frost Free Inox""","""electrolux""","""Inverter Duplex 427L Painel Touch IF53X""",3399.9,ed
2190073,"""Geladeira/Refrigerador LG Frost Free Bottom ""","""lg""","""Freezer Universe 445L GC-B59BSB (1) Aço Escovado""",5999,ed
2190569,"""Geladeira/Refrigerador Electrolux Frost Free""","""electrolux""","""Inverter Duplex 427L Painel Touch IF53 Branco""",3099.9,ed
842561,"""Filtro Cartucho para Refrigerador""","""electrolux""","""Electrolux 69999943""",69.9,ed
842559,"""Filtro de Água Interno para Refrigerador 40396401""","""electrolux""","""Side By Side - Electrolux""",309,ed
130854,"""Geladeira/Refrigerador Samsung Frost Free Inox""","""samsung""","""Duplex 453L 5-em-1 Twin Cooling Plus RT6000K""",3699,ed
130720,"""Geladeira Electrolux Frost Free Inox""","""electrolux""","""454L Painel Touch DB52X11089""",4049.9,ed
842577,"""Lâmpada para Refrigerador 127V 15W""","""electrolux""","""Electrolux 64641425""",15.9,ed
7256451,"""Geladeira Brastemp Frost Free Duplex 400 litros Branca com Freeze Control""","""Brastemp""","""""",2461,ed
2019929,"""Geladeira/Refrigerador Electrolux Frost Free Inox""","""electrolux""","""454L Painel Touch DT52X""",6199.9,ed
7058524,"""Refrigerador Cycle Defrost  475L Branco (DC51)""","""Electrolux""","""Electrolux""",2279,ed
9244052,"""Frigobar Brastemp 76L Amarelo""","""brastemp""","""Retrô""",1169.9,ed
7278466,"""Geladeira Brastemp Frost Free Duplex 400 litros cor Inox com Freeze Control""","""Brastemp""","""""",2749,ed
9146204,"""Frigobar Brastemp 76L Marsala""","""brastemp""","""Retrô BRA08BG""",1499,ed
9233822,"""Frigobar Brastemp 76L Vermelho""","""brastemp""","""Retrô BRA08A""",1169.9,ed
8284231,"""Geladeira Consul Degelo Manual 239 litros Branca com Gavetão Hortifruti""","""Consul""","""""",1089,ed
6969280,"""Refrigerador Consul Biplex 334 Litros Cycle Defrost CRD37""","""CONSUL""","""""",1529.9,ed
130195,"""Geladeira/Refrigerador Esmaltec Cycle Defrost ""","""esmaltec""","""245L ROC31 Branco""",None,ed
100682,"""Geladeira/Refrigerador Electrolux Frost Free""","""electrolux""","""Side by Side 504L Dispenser de Água SS72X Titanium""",None,ed
2114875,"""Frigobar Electrolux 78,8L Preto com Porta de Vidro""","""electrolux""","""RV80""",None,ed
130723,"""Geladeira/Refrigerador Electrolux Frost Free 323L""","""electrolux""","""Painel Touch RFE3911006 Branco""",None,ed
2180378,"""Geladeira/Refrigerador Samsung Frost Free Inox""","""samsung""","""French Door 564L RF56K9040SR/AZ""",None,ed
6650719,"""Geladeira/Refrigerador Esmaltec 2 Portas Cycle Defrost RCD34 276 Litros Branco""","""Esmaltec""","""""",None,ed
2180377,"""Geladeira/Refrigerador Samsung Frost Free Inox""","""samsung""","""French Door 665L Dispenser de Água RF28HDEDBSR/AZ""",None,ed
888062,"""Geladeira/Refrigerador Electrolux Cycle Defrost""","""electrolux""","""Duplex 362L DC44 Branco""",None,ed
130715,"""Geladeira/Refrigerador Electrolux Frost Free""","""electrolux""","""Duplex 459L Painel Touch DF52 Branco""",None,ed
9261538,"""Geladeira Brastemp Ative! Inverse Frost Free 422 L""","""Brastemp""","""""",None,ed
6705651,"""Refrigerador Electrolux Cycle Defrost 262L 127V Porta Branco""","""Electrolux""","""""",None,ed
6602910,"""Geladeira/Refrigerador Electrolux Frost Free 2 Portas DF53X 427 Litros Inox""","""Electrolux""","""""",None,ed
6951473,"""Mini Geladeira para Automóvel 24 Litros 12V BDC24L-LA Black Decker""","""Black Decker""","""""",None,ed
7431527,"""Refrigerador Elux Db83X 127V Electrolux""","""Electrolux""","""""",None,ed
5844476,"""Refrigerador Brastemp Duplex Inox 462 Litros 110V BRM56AK""","""Brastemp""","""""",None,ed
7430843,"""Frigobar 76 Litros Cycle Defrost Retro Brastemp BRA08AE""","""Brastemp""","""Brastemp""",None,ed
6001663,"""Refrigerador Samsung Multiportas Frost Free Inox 614 Litros 110V RFG28MESL1/XAZ""","""Samsung""","""""",None,ed
7527221,"""Refrigerador 2 Portas 386L Frost Free CRM43HK Consul""","""Consul""","""""",None,ed
7732576,"""Refrigerador 275 Litros Frost Free Consul CRM35HB""","""Consul""","""""",None,ed
7557132,"""Refrigerador 2 Portas 352L Frost Free BRM39EK Brastemp""","""Brastemp""","""""",None,ed
7783514,"""Refrigerador 2 Portas 380L Frost Free Electrolux DW42X""","""Electrolux""","""""",None,ed
7547620,"""Refrigerador 2 Portas Frost Free 459L DF52 Electrolux""","""Electrolux""","""""",None,ed
9203331,"""Frigobar NGV 10 Preto 220V - Venax""","""Venax""","""Venax""",None,ed
9132159,"""Cervejeira Venax EXPM100 220V com Adesivo de Taça""","""Venax""","""Venax""",None,ed
9060137,"""Vitrine Expositora de Bebidas Venax 110V""","""Venax""","""Venax""",None,ed
9216331,"""Frigobar Cadence Gourmet 59187 220V""","""Cadence""","""Cadence""",None,ed
7448996,"""Refrigerador Compacto Eletromecânico Consul 80L 110V""","""Consul""","""""",None,ed
7481585,"""Freezer Horizontal 519 Litros Consul CHB53C""","""Consul""","""""",None,ed
7551153,"""Refrigerador 2 Portas 427L Frost Free Electrolux DF51X""","""Electrolux""","""""",None,ed
7789551,"""Refrigerador 2 Portas 598L Frost Free DB83 Electrolux""","""Electrolux""","""""",None,ed
7548795,"""Refrigerador 2 Portas 553L Frost Free DF80 Electrolux""","""Electrolux""","""""",None,ed
2151311,"""Geladeira/Refrigerador Brastemp Frost Free Inox""","""brastemp""","""Inverse 422L Viva! BRE51NKANA""",None,ed
7751247,"""Mini Geladeira BlackDecker 24L 12V de Viagem""","""Black  Decker""","""Black  Decker""",None,ed
6623774,"""Geladeira/Refrigerador Electrolux Frost Free 2 Portas DFN42 370 Litros Branco 220V""","""Electrolux""","""""",None,ed
9179868,"""Mini Geladeira Transparente 15L - Mobicool""","""Mobicool""","""Mobicool""",None,ed
8531071,"""Mini Geladeira Portátil Multilaser TV004 110V 4L""","""Multilaser""","""Multilaser""",None,ed
8540722,"""Mini Geladeira Portátil Multilaser TV005 220V 4L""","""Multilaser""","""Multilaser""",None,ed
9233527,"""Cervejeira Venax 1 Porta 220V Adesivado Cerveja - Venax""","""Venax""","""Venax""",None,ed
2151311,"""Geladeira/Refrigerador Brastemp Frost Free Inox""","""brastemp""","""Inverse 422L Viva! BRE51NKANA""",None,ed
7713749,"""Geladeira Portátil Resfriar 31L""","""Resfriar""","""""",None,ed
6025792,"""Refrigerador Consul Facilite 1 Porta 342 Litros Branco Frost Free 127v""","""Consul""","""""",None,ed
6360674,"""Geladeira/Refrigerador Esmaltec 1 Porta Cycle Defrost ROC 31 245 Litros Branco""","""Esmaltec""","""""",None,ed
6808631,"""Geladeira/Refrigerador Panasonic Frost Free 2 Portas NR BT47BD2XA 435 Litros Aço Escovado""","""Panasonic""","""""",None,ed
6666959,"""Geladeira/Refrigerador Esmaltec 2 Portas Cycle Defrost RCD34 276 Litros Preto""","""Esmaltec""","""""",None,ed
6611807,"""Geladeira/Refrigerador Electrolux Frost Free 2 Portas DFN39 310 Litros Branco""","""Electrolux""","""""",None,ed
6327618,"""Geladeira/Refrigerador Esmaltec 2 Portas Cycle Defrost RCD38 306 Litros Branco""","""Esmaltec""","""""",None,ed
7316874,"""Refrigerador Degelo Prático  240L Branco (RE35)""","""Electrolux""","""Electrolux""",None,ed
6579003,"""Expositor/Refrigerador Vertical Porta de Vidro para Bebidas 350 Litros VB40RE com Controlador Eletrônico - Metalfrio""","""Metalfrio""","""""",None,ed
6732717,"""Geladeira/Refrigerador Electrolux 2 Portas Cycle Defrost DC44 362 Litros Branco 220v""","""Electrolux""","""""",None,ed
7510619,"""Mini Geladeira Branca 04L 110V TV010 Multilaser""","""Multilaser""","""""",None,ed
5135416,"""Refrigerador Electrolux 1 Porta 240L Cycle Defrost 127V - RE31""","""Electrolux""","""""",None,ed
5258108,"""Refrigerador Electrolux 2 Portas 362 Litros Branco Cycle Defrost 127v""","""Electrolux""","""""",None,ed
7565537,"""Refrigerador Elux Df52X 127V Electrolux""","""Electrolux""","""""",None,ed
7541506,"""Refrigerador Elux Db52X 127V Electrolux""","""Electrolux""","""""",None,ed
6390321,"""Refrigerador Consul 275 Litros 2 Portas Frost Free com Bandeja Deslizante CRM35""","""CONSUL""","""""",None,ed
5865141,"""Refrigerador French Door 614L Inox Look""","""Samsung""","""Samsung""",None,ed
6790966,"""Refrigerador Samsung RT6000K Twin Cooling Duplex 453 litros Frost Free Inox 110V RT46K6361SL/AZ""","""Samsung""","""""",None,ed
6360023,"""Refrigerador Electrolux 3 Portas Frost Free 579 Litros DM84X""","""ELECTROLUX""","""""",None,ed
5940767,"""Geladeira/Refrigerador Samsung Frost Free 2 Portas RT46K6341WW Twin Cooling Plus 453 Litros Branco""","""Samsung""","""""",None,ed
6917096,"""Refrigerador Consul 386L Frost Free Classe A - CRM43""","""CONSUL""","""""",None,ed
6274669,"""Refrigerador Brastemp Side By Side Inverse 540 Litros Iluminação em LED BRO80""","""BRASTEMP""","""""",None,ed
6196433,"""Refrigerador Samsung French Door 3 Portas 536 Litros Inox 110V RF23HCEDBSR/AZ""","""Samsung""","""""",10499,ed
8529164,"""Frigobar Cuisinart 178 Litros Inox/Preto 220V 4092810001""","""Cuisinart""","""""",None,ed
5390578,"""Refrigerador Brastemp Duplex Frost Free Branco 400L BRM54HB - 127V""","""Brastemp""","""""",None,ed
6999538,"""Geladeira Refrigerador Electrolux 370 Litros Frost Free DFX42""","""ELECTROLUX""","""""",None,ed
6921734,"""Geladeira Refrigerador Electrolux 433 Litros Frost Free 2 Portas TF51""","""ELECTROLUX""","""""",None,ed
5036806,"""Refrigerador Electrolux 2 Portas 380 Litros Inox Frost Free 127v""","""Electrolux""","""""",None,ed
6432387,"""Geladeira/Refrigerador Samsung Frost Free 2 Portas RL4353JBASL/AZ 435 Litros Inox""","""Samsung""","""""",None,ed
6405475,"""Geladeira/Refrigerador 2 Portas Frost Free NR-BB53PV3WA 425 Litros Branco - Panasonic""","""Panasonic""","""""",None,ed
7760195,"""Geladeira Samsung French Door 3 Portas 441 Litros Inox 110V RF62HERS1/AZ""","""Samsung""","""""",None,ed
6129934,"""Geladeira/Refrigerador Panasonic Frost Free 2 Portas NR BT40BD1 387 Litros Aço Escovado""","""Panasonic""","""""",None,ed
6575009,"""Refrigerador 1 Porta Consul Facilite Frost Free Branco 342L 110V CRB39ABANA""","""Consul""","""""",None,ed
6964629,"""Geladeira/Refrigerador Samsung Frost Free 2 Portas RT46K6361SL Twin Cooling Plus 453 Litros Inox""","""Samsung""","""""",None,ed
6784324,"""Refrigerador Expositor para Bebidas Metalfrio com Controlador Eletrônico 572 Litros VB52R 110V""","""Metalfrio""","""""",None,ed
6152549,"""Refrigerador Expositor para Bebidas Metalfrio com Controlador Eletrônico 572 Litros VB52R 220V""","""Metalfrio""","""""",None,ed
6397785,"""Geladeira/Refrigerador Electrolux 2 Portas Cycle Defrost DC44 362 Litros Branco""","""Electrolux""","""""",None,ed
6890232,"""Refrigerador 443L Side Inverse Brastemp BRE57 Frost Free""","""Brastemp""","""""",None,ed
6543564,"""Geladeira/Refrigerador Consul Frost Free 2 Portas CRM43NB 386 Litros Branco 220V""","""Consul""","""""",None,ed
6193954,"""Geladeira/Refrigerador Samsung Frost Free 2 Portas RL4353JBASL/AZ 435 Litros Inox 220V""","""Samsung""","""""",None,ed
6368807,"""Geladeira/Refrigerador Samsung 4 Portas RF56K9040SR/AZ 564 Litros Inox 110V""","""Samsung""","""""",None,ed
6603947,"""Refrigerador Geladeira 1 Porta Facilite 342L 220v Evox FF - Consul""","""Consul""","""""",None,ed
8583688,"""Frigobar Brastemp Retrô 76 Litros Preto 110V BRA08AEANA""","""Brastemp""","""""",None,ed
6712212,"""Geladeira/Refrigerador Panasonic Frost Free 2 Portas NR BT42BV1 387 Litros Tecnologia Inverter Aço Escovado""","""Panasonic""","""""",None,ed
6440076,"""Geladeira-Refrigerador Electrolux 323 Litros RFE39 Frost Free 1 Porta-110V""","""ELECTROLUX""","""""",None,ed
6188258,"""Geladeira/Refrigerador Electrolux Frost Free 2 Portas DF53 427 Litros Branco""","""Electrolux""","""""",None,ed
6042753,"""Refrigerador Esmaltec 110V 1 Porta - Branco""","""ESMALTEC""","""""",None,ed
6335296,"""Refrigerador Brastemp Duplex Frost Free Branco 500L BRM58AB - 127V""","""Brastemp""","""""",None,ed
6936969,"""Refrigerador Consul Duplex Bem Estar  Frost Free Evox Platinum 405L 220V CRM51AKBNA""","""Consul""","""""",None,ed
6160226,"""Refrigerador Consul 2 Portas 450 litros Branco Cycle Defrost 127v""","""Consul""","""""",None,ed
6714442,"""Refrigerador Expositor para Bebidas Metalfrio com Controlador Eletrônico 406 Litros VB40RE 110V - 110v 110v""","""Metalfrio""","""""",None,ed
6230168,"""Geladeira/Refrigerador Electrolux Frost Free 2 Portas DFN41 371 Litros Branco 110V""","""Electrolux""","""""",None,ed
6184028,"""Geladeira Refrigerador Electrolux 310 Litros Frost Free 2 Portas DFX39""","""ELECTROLUX""","""""",None,ed
8164110,"""Refrigerador Consul 1 Porta Degelo Manual Branco 239L 110V CRC28FBANA""","""Consul""","""""",None,ed
7683450,"""Refrigerador 262 Litros Electrolux 1 Porta RDE33""","""ELECTROLUX""","""""",None,ed
2190256,"""Frigobar Midea 93L Branco ""","""midea""","""MRC10B1""",None,ed
130151,"""Geladeira/Refrigerador Consul Frost Free""","""consul""","""Freezer Duplex 275L CRM35NBANA""",None,ed
130105,"""Geladeira/Refrigerador Consul Cycle Defrost Evox""","""consul""","""Duplex 450L CRD49AKANA""",None,ed
2165061,"""Geladeira/Refrigerador Samsung Frost Free Inox""","""samsung""","""Duplex 384L Twin Cooling Plus RT5000K""",None,ed
842673,"""Geladeira/Refrigerador Panasonic Frost Free Duplex""","""panasonic""","""435L regeneration NR-BT47BD2WA Branco""",None,ed
2124675,"""Geladeira/Refrigerador Samsung Frost Free Inox""","""samsung""","""Duplex 458L RT46H5351SL/AZ""",None,ed
130153,"""Geladeira/Refrigerador Consul Frost Free Evox""","""consul""","""Duplex 275L CRM35NKANA""",None,ed
130406,"""Geladeira/Refrigerador Panasonic Frost Free Duplex""","""panasonic""","""387L re generation NR-BT42BV1WA Branco""",None,ed
130209,"""Geladeira/Refrigerador Consul Cycle Defrost Duplex""","""consul""","""415L CRD46ABANA""",None,ed
130215,"""Geladeira/Refrigerador Brastemp Frost Free Evox""","""brastemp""","""Inverse 422L Ative! BRE50NKANA""",None,ed
130005,"""Geladeira/Refrigerador Panasonic Frost Free Inox""","""panasonic""","""Duplex 387L re generation NR-BT40BD1X""",None,ed
130007,"""Geladeira/Refrigerador Consul Frost Free Evox""","""consul""","""Duplex 340L CRM38NKANA""",None,ed
130211,"""Geladeira/Refrigerador Brastemp Frost Free Evox""","""brastemp""","""Duplex 429L Ative! BRM50NKANA""",None,ed
130185,"""Geladeira/Refrigerador Esmaltec Cycle Defrost""","""esmaltec""","""Duplex 276L RCD34 Branco""",None,ed
130725,"""Geladeira/Refrigerador Consul Frost Free Duplex ""","""consul""","""340L CRM38NB Branco""",None,ed
867994,"""Geladeira/Refrigerador Brastemp Frost Free Evox""","""brastemp""","""Duplex 378L Clean BRM42EKANA""",None,ed
888064,"""Geladeira/Refrigerador Electrolux Frost Free""","""electrolux""","""Duplex 261L DF35A11006 Branco""",None,ed
888795,"""Geladeira/Refrigerador Consul Frost Free Duplex""","""consul""","""405L Painel Digital Touch CRM51ABANA Branco""",None,ed
842602,"""Chopeira BenMax com Função Frigobar""","""benmax""","""BMDB""",None,ed
2010947,"""Frigobar Philco 70L Branco""","""philco""","""PH85""",None,ed
2010880,"""Geladeira/Refrigerador Electrolux Cycle Defrost""","""electrolux""","""Duplex 475L DC51 Branco""",None,ed
2131467,"""Geladeira/Refrigerador Samsung Frost Free Inox ""","""samsung""","""Duplex 384L Twin Cooling Plus RT5000K""",None,ed
2128760,"""Geladeira/Refrigerador Panasonic Frost Free Duplex""","""panasonic""","""435L re Generation NR-BT49PV2WA Branco""",None,ed
100600,"""Geladeira/Refrigerador Electrolux Frost Free Inox""","""electrolux""","""Duplex 261L DF35X""",None,ed
9149059,"""Geladeira/Refrigerador Brastemp Frost Free Duplex""","""brastemp""","""429L Ative! BRM50NBANA Branco""",None,ed
9149059,"""Geladeira/Refrigerador Brastemp Frost Free Duplex""","""brastemp""","""429L Ative! BRM50NBANA Branco""",None,ed
2181800,"""Geladeira/Refrigerador Brastemp Frost Free Inverse""","""brastemp""","""460L BRE59AE Preto""",None,ed
